"lake","mid.depth","wet.weight.processed.g","bosmina","daphnia","zoop.ratio","d15NAIR","d13CVPDB","mgN","mgC","pn","pc","c.n.ratio","Fuco","Sed_A","Sed_B","Sed_C","Aphan","Sudan","Myxo","Allo","Diato","Lut_Zea","Cantha","Chl_b","Chl_a","Chl_ap","Echine","Pheo_B","Pheo_A","b.car","Diadino","tp","year","diff","weight"
"Buffalo~Pound",1,NA,NA,NA,NA,5.45275370426591,-24.7988437789631,96.7111726126951,658.063656170904,0.00855851085068098,0.0582357217850357,7.93849264214803,145.703725649378,0,0,0,262.42815243624,2108.23,0,115.875964519282,123.985236432484,280.627600013149,91.8526547126479,50.0362629506985,184.753494543257,105.465894826085,71.5209181223415,655.888264292924,511.686960960296,124.336160196244,NA,NA,2010.03882904698,NA,0.4
"Buffalo~Pound",2,NA,NA,NA,NA,5.51360591540219,-24.5300874219821,90.7140181661022,732.866762449539,0.00757212171670302,0.0611741871827662,9.42534836558804,153.688318830013,0,0,0,267.742279593982,2202.55,0,156.257616183497,169.038972165421,386.821926504301,114.479542976228,31.4926544858641,271.631558033668,127.34980594531,86.3613309205801,751.616247786985,644.359090026827,160.250994841089,NA,NA,2007.6104371508,2.42839189618257,0.382464064081902
"Buffalo~Pound",3,NA,NA,NA,NA,5.49811503243259,-23.5931668722886,90.3586394164033,776.077649669288,0.0072693997921483,0.0624358527489371,10.0203359685582,113.944766712954,0,0,0,286.494002003511,2263.18,0,148.080607177831,144.908643894656,337.022920691536,109.676470170191,30.6666580449652,217.827648027491,128.295272528808,106.336379240176,704.525936318548,654.371926241858,233.149140544398,NA,NA,2004.59238875682,3.01804839397732,0.475333102606286
"Buffalo~Pound",4,NA,NA,NA,NA,5.21941228669022,-22.7425278156161,74.5665369594866,602.654692170314,0.00702133116379347,0.0567471461553968,9.42912423634977,88.4817890550577,0,0,0,349.9787374647,2008.19,39.397761048413,121.43100854517,127.83010445579,324.782415018969,111.914537123599,22.6460030423695,271.834907238119,154.879571982825,105.030438559055,740.885003890656,564.746052633391,215.185602311102,NA,NA,2000.88108484426,3.71130391256656,0.584518660136623
"Buffalo~Pound",5,NA,NA,NA,NA,5.72546641355232,-23.4581130819138,85.8575391987842,786.286068330412,0.00633634975636784,0.0580284921277057,10.6843703528655,58.396793000222,0,0,0,361.853614120627,2247.34,43.3153285118411,100.129243769617,104.015998502784,276.730930322224,95.1985530980945,26.6591703521932,213.354578052198,102.845693019551,85.2427248532487,579.237590104102,445.402818046777,139.958325377392,NA,NA,1996.9064402373,3.97464460696051,0.625993988881703
"Buffalo~Pound",6,NA,NA,NA,NA,5.78407083942313,-23.1146243841106,71.4976290708014,615.557323613324,0.00628274420657305,0.0540911532173395,10.0443919639776,38.114590088684,0,0,0,207.431814842584,2041.72,33.4202245694075,77.2553718905941,80.0578440213092,210.386660812244,79.3786099463928,22.7126897195199,185.196039745281,74.6633699253555,75.9486198259902,556.455424471511,414.387410735982,121.605486139629,NA,NA,1993.18431730472,3.72212293257985,0.586222621663661
"Buffalo~Pound",7,NA,NA,NA,NA,5.61844478802559,-23.3211555928373,93.5931797804572,780.256801300968,0.00632386349867954,0.0527200541419573,9.72613179350353,39.1660164225075,0,0,0,237.480792569767,1935.17,17.4040175002432,120.695225274084,99.8955268004758,288.794054868465,100.758673826403,26.2376802964163,185.809201959307,99.0380064187032,67.1618930437416,575.441612824718,422.274022453832,116.548194970876,NA,NA,1989.85101720715,3.33330009757015,0.524984251563912
"Buffalo~Pound",8,NA,NA,NA,NA,6.06762354645035,-23.6627265854341,67.2265063706258,635.051953675193,0.00589189363458596,0.0556574893668004,11.0208604604525,29.3576683143442,0,0,0,120.232170613042,2089.97,0,101.16506007209,79.6523991376701,189.575167395575,78.7258294109612,21.7085528951562,164.897875525191,86.3467239093232,58.555393485589,513.261873251816,346.297505456192,90.4538643681303,NA,NA,1986.67943021579,3.17158699135416,0.499514947405922
"Buffalo~Pound",9,NA,NA,NA,NA,6.23717670641244,-23.5613994602508,65.7634820083187,570.19713799514,0.00611753321007616,0.0530415942321061,10.1154922764509,34.7702429326999,0,0,0,158.155524684184,2033.2,0,132.696100345317,99.8501463918549,278.762554131692,95.3790372817346,25.5846256596064,190.688957870441,91.3553354503582,61.9519464330958,513.793009623673,375.42707263383,72.9481603110263,NA,NA,1983.41461516229,3.26481505350625,0.51419807313749
"Buffalo~Pound",10,NA,NA,NA,NA,6.32866103907798,-24.2905696640173,78.7028592176669,748.703637180211,0.0057405440713105,0.0546100391816347,11.0985494732086,29.5588607426523,0,0,0,76.0718329824899,2085.16,0,87.6356864711406,85.3945071754678,187.092782777396,81.8618707296302,21.1113617598741,151.77384852827,70.8768849909557,58.7456667202472,505.736062937035,387.115294436458,83.9583834764781,NA,NA,1979.74008830324,3.67452685904505,0.578726390208154
"Buffalo~Pound",11,NA,NA,NA,NA,6.15837946889873,-23.6492320581424,67.1377461786435,609.31300859445,0.00584314588151815,0.0530298527932506,10.5881596740233,29.9327679599021,0,0,0,39.8633929028478,1887.22,0,89.8233326639169,85.6054330533111,204.155188943892,61.3866879437475,15.928063033994,150.65288797604,63.2468058209111,42.8903545366614,507.022955221839,341.274826216123,81.9976625476568,NA,NA,1975.32583465875,4.41425364449447,0.695231025690579
"Buffalo~Pound",12,NA,NA,NA,NA,6.11975468881973,-23.1898501050933,77.7695126790694,772.398656605926,0.0053671161269199,0.0533056353765305,11.5872111705128,18.5716598784401,0,0,0,20.4508006163996,1845.48,0,65.7072351462028,65.5000033876372,155.336716711462,62.0333026855543,15.2456704249842,115.482857357254,49.7753649222509,50.6321944878643,455.068736064813,304.192789958881,71.1399656262029,NA,NA,1970.02831516151,5.29751949723413,0.834342611524245
"Buffalo~Pound",13,NA,NA,NA,NA,6.32302367479215,-23.2051699408889,69.8785705103236,663.766326375844,0.00573245041101917,0.0544517084803809,11.0819961224604,14.7179023995905,0,0,0,10.6753055432699,1805.32,0,55.6919867077189,57.5061642796002,127.196254132463,54.8268032109109,13.3493191778195,95.5481667601784,55.9570393945367,37.9468532410865,416.682593944021,283.311136017725,48.7149843827086,NA,NA,1963.95710837828,6.07120678323395,0.956195918726081
"Buffalo~Pound",14,NA,NA,NA,NA,6.34674235501136,-22.4921833462647,68.5781738460673,637.242587362557,0.00511014708241932,0.0474845445128582,10.8409081718199,19.1305436269521,0,0,0,50.4659860169077,2079.64,0,63.6324644593954,72.1633303781401,126.243740570014,71.7186730069555,17.667504345564,109.599586561862,54.7198224257842,37.107843685745,412.84510700091,289.620153892846,34.6861034801329,NA,NA,1957.2341791891,6.72292918917583,1.05884014201706
"Buffalo~Pound",15,NA,NA,NA,NA,6.71818012797775,-22.3388205689774,60.0681633340195,544.994801812065,0.00506476925244684,0.0459523441662786,10.5850958892336,11.4526203928778,0,0,0,7.87867077147231,1819.01,0,51.2976477983055,61.2205840054381,123.758525200651,48.9568176994681,18.4199730336251,89.5955613005309,50.3694213896538,34.1576513338239,336.73325233628,210.567276777628,32.2538673770265,NA,NA,1949.9417587559,7.2924204332021,1.1485332166776
"Buffalo~Pound",16,NA,NA,NA,NA,6.45069758479586,-22.2968357699494,67.6304621169922,654.376327730147,0.00508499715165355,0.0492012276488833,11.288390247842,10.962838521106,0,0,0,13.4014275271425,1760.35,0,52.5820514763456,55.1532242874604,105.598382947851,57.7369540757263,13.7159512396565,92.5935825142772,54.7632312749506,37.1372810764024,375.415162110876,266.736255052292,38.3900787002203,NA,NA,1942.14620414601,7.795554609894,1.2277752625346
"Buffalo~Pound",17,NA,NA,NA,NA,6.70489653134401,-21.7680969877971,59.7773167281928,551.506410203864,0.0049158977572527,0.0453541455759757,10.7636839599791,10.3860432918674,0,0,0,10.8153915127148,1778.23,0,47.4499746156595,54.6392870018998,98.8201127682608,55.1861362135395,22.5994733398541,74.6622659325697,35.4626326630088,36.073083880948,345.373027022924,242.693985941027,28.8437699330153,NA,NA,1934.04919620275,8.0970079432534,1.27525321170291
"Buffalo~Pound",18,NA,NA,NA,NA,6.45905515801154,-21.692664048895,56.5443039536002,544.210997098237,0.00449477773875996,0.0432600156675864,11.228590424757,9.54389188665189,0,0,0,8.77544648202386,1739.9,0,38.7509668792194,51.2280138630373,91.1175883957052,52.8402351524134,12.8340616654977,74.426849010207,34.2598559054743,34.8496026104823,368.960195124095,252.16522598525,33.6579727804728,NA,NA,1926.11535925788,7.9338369448717,1.24955429412726
"Buffalo~Pound",19,NA,NA,NA,NA,6.79309164059733,-21.4473853380541,47.1573579574855,495.95676330592,0.00431054460306083,0.0453342562436856,12.2699033389138,8.93787075532618,0,0,0,10.3301390779606,1626.48,0,41.2240018109791,50.1402221594877,92.8560714923446,47.0759361786575,6.85490804150383,61.0405292153658,41.419526088302,28.0883458952549,337.595309006925,198.422332024196,29.4845992276555,NA,NA,1918.78328806893,7.33207118895189,1.15477808564287
"Buffalo~Pound",20,NA,NA,NA,NA,7.08923062830424,-21.9096963619902,50.6936717265674,478.331206023179,0.00426714408472789,0.0402635695305706,11.0083380170951,8.42828217113717,0,0,0,8.50535076066368,1734.33,0,39.594519537142,47.5924234611714,98.8310806881206,42.0230916693531,10.5988640830186,75.1632581267151,42.1509033054294,28.5843239566839,390.529459355658,277.461714421109,37.48304123842,NA,NA,1911.87580371707,6.90748435185606,1.08790699802038
"Buffalo~Pound",21,NA,NA,NA,NA,7.1802598724262,-22.5998646699276,55.998508685739,547.426606180607,0.00420093838602694,0.0410672622791153,11.405024684881,11.8917809067404,0,0,0,7.25172340214534,1700.31,0,47.732213785696,57.9690383597343,113.544263067996,56.4206384561125,15.0958706575886,75.8341110546862,34.936087263059,35.5374745662078,378.683918185635,257.243787042383,23.0464966834461,NA,NA,1904.83598762914,7.03981608793129,1.10874882905511
"Buffalo~Pound",22,NA,NA,NA,NA,7.12889158546837,-22.1487607068898,53.123010126873,524.47519635519,0.00422281479545891,0.0416911920791089,11.5183181001922,13.3124164407382,0,0,0,5.13765016707659,1708.14,0,37.9502921855133,51.8377141069015,100.216834948981,48.0389512299207,5.36602175676304,74.6822640927612,45.8580345270915,31.09828763196,325.55553704691,228.523922814168,15.308807154167,NA,NA,1897.27259838393,7.56338924521469,1.19120994988721
"Buffalo~Pound",23,NA,NA,NA,NA,7.34304061598378,-22.3376925316694,51.0768273307169,523.209050279007,0.00404729218151481,0.0414587203073698,11.9508315327908,7.9815043276332,0,0,0,6.67093278257695,1662.32,0,26.828274016125,49.9744664141849,84.8122639732501,51.0176911356409,5.0967665464394,55.5394729921527,35.5903639258535,36.2030139006,272.245667689246,157.363637072143,31.2334604130886,NA,NA,1889.27916475269,7.99343363124058,1.25894058425213
"Buffalo~Pound",24,NA,NA,NA,NA,7.25892232495311,-22.9141378095075,50.665832504851,524.113440333424,0.0039800339752436,0.0411715192720679,12.0686002806813,8.13114150090361,0,0,0,23.0135455477731,1702.72,0,29.5549583244111,42.0671316713253,73.7807467116268,44.2510712566127,2.28336390244855,61.2823653887534,33.6686796136079,34.2482498522825,270.108866118044,194.780525441554,25.1371473016024,NA,NA,1881.05528279883,8.22388195386088,1.29523546819107
"Buffalo~Pound",25,NA,NA,NA,NA,7.36904505787942,-22.5860815470269,48.4866094198374,492.686189387626,0.00396780764483121,0.0403180187714915,11.8548308731688,6.74231133743589,0,0,4.13699227286596,0,1705.33,0,37.4274432000155,53.8925866583901,95.3142622361284,54.8759014738765,5.90302464318812,62.2754012594754,38.1983998048381,38.8559443223526,300.57202559073,247.426018552109,32.8500295074989,NA,NA,1872.811379923,8.24390287582946,1.29838870025168
"Buffalo~Pound",26,NA,NA,NA,NA,7.68819700876426,-22.3235085230112,50.0211347387867,463.800672482219,0.00410009301137596,0.0380164485641163,10.8174432145182,10.0981136753423,36.5385533247847,164.904507794752,54.5822059872299,0,1862.7,0,20.8379430398079,39.9955903528199,76.3737239821315,48.4685754540866,6.20141126243665,69.5307245581755,36.647570011436,46.1542326217094,320.155643483169,216.222727589812,25.8990322628689,NA,NA,1864.56747704717,8.24390287582969,1.29838870025172
"Buffalo~Pound",27,NA,NA,NA,NA,7.48529089648141,-22.4062415830139,49.4936547483705,453.671503872753,0.00413135682373711,0.0378690737790278,10.6939651936353,6.06576146604566,0,0,11.8597305014773,0,1733.45,0,30.6737704440161,59.7039119666833,105.183468997601,61.8015625374566,11.9834910000274,62.8401300278605,29.874372780725,60.7772561868434,264.14883880559,170.839353302936,36.9812858030175,NA,NA,1856.32357417134,8.24390287582946,1.29838870025168
"Buffalo~Pound",28,NA,NA,NA,NA,7.63778026352954,-22.4045606082085,52.2072462546227,491.555398374426,0.004123795122798,0.0388274406298915,10.9847068988573,5.37088526519282,0,0,17.1300200793378,0,1711.42,0,40.2430782027716,75.5231327437014,132.653349647092,62.6119156689274,7.61419121464845,72.0432354838023,33.265915491033,67.6771051539155,363.815899312097,223.282139906999,59.1815535400499,NA,NA,1848.07967129551,8.24390287582946,1.29838870025168
"Buffalo~Pound",29,NA,NA,NA,NA,7.54102919211417,-22.6114032766657,56.7157349504855,572.086308331033,0.00418257632378212,0.0421892557766248,11.7680574353642,6.80282232394058,0,0,0,0,1661.88,0,44.2270513635712,71.7058538949645,145.182076341336,55.6481824974031,2.70273309040516,53.3931032794556,20.0789402729477,40.8491554244993,314.129094595978,163.650031899075,20.3116470882389,NA,NA,1839.83576841968,8.24390287582969,1.29838870025172
"Buffalo~Pound",30,NA,NA,NA,NA,7.83695404876479,-22.9616953517545,58.2952444773429,565.494309712174,0.00438639913298291,0.042550361904603,11.31727583006,13.8905936297725,0,0,0,28.3502978175921,1989.8,0,59.9442975439919,88.3615036848896,168.931869645216,74.5866256034078,0,71.2799655115143,31.2181710184614,63.5111167554919,362.815185843928,254.035865098903,49.9645871926265,NA,NA,1831.59186554385,8.24390287582924,1.29838870025165
"Buffalo~Pound",31,NA,NA,NA,NA,7.84499160493356,-23.1737471969698,55.5331827351469,567.589319462072,0.00439692658235526,0.0449397719289051,11.9241777034566,13.4000740711382,0,0,0,20.9538484166341,1913.39,0,56.8237708948227,92.0349317741427,161.820656396885,60.5038925373064,0,65.642591861022,26.7908026249285,54.5039551637717,327.748308655149,211.567149344598,37.7714191566315,NA,NA,1823.34796266802,8.24390287582969,1.29838870025172
"Buffalo~Pound",32,NA,NA,NA,NA,7.77100915276928,-23.1140445211024,58.7505442728717,604.043332680121,0.00432307169042471,0.0444476330154615,11.9950756232491,9.36337915247707,0,0,0,23.8536630917316,1963.23,0,53.0457634037731,83.9348264914362,161.648301284102,67.6787590162197,0,60.8252423801113,27.490582015573,55.9276058496503,335.050940541173,221.838006192761,33.942925368299,NA,NA,1815.10405979219,8.24390287582946,1.29838870025168
"Buffalo~Pound",33,NA,NA,NA,NA,7.52716635817577,-23.2584153986981,54.2629529950502,559.344457342141,0.00442962881592247,0.0456607720279299,12.0260416646576,13.8479616156996,0,0,0,45.6256548498236,2159.95,0,58.5239441711885,95.766882542819,175.676635259226,70.6203452946053,0,70.978758919135,30.3865887050269,61.8193225318935,357.36002737665,265.486763899554,61.8872123537392,NA,NA,1806.86015691636,8.24390287582946,1.29838870025168
"Buffalo~Pound",2,NA,NA,NA,NA,NA,NA,NA,NA,NA,NA,NA,NA,NA,NA,NA,NA,NA,NA,NA,NA,NA,NA,NA,NA,NA,NA,NA,NA,NA,NA,1.56912030253206,2007.6104371508,-200.75028023444,0.4
"Buffalo~Pound",3,NA,NA,NA,NA,NA,NA,NA,NA,NA,NA,NA,NA,NA,NA,NA,NA,NA,NA,NA,NA,NA,NA,NA,NA,NA,NA,NA,NA,NA,NA,1.50219674489489,2004.59238875682,3.01804839397732,0.250842465409249
"Buffalo~Pound",5,NA,NA,NA,NA,NA,NA,NA,NA,NA,NA,NA,NA,NA,NA,NA,NA,NA,NA,NA,NA,NA,NA,NA,NA,NA,NA,NA,NA,NA,NA,1.51685797388184,1996.9064402373,7.68594851952707,0.638810921486246
"Buffalo~Pound",6,NA,NA,NA,NA,NA,NA,NA,NA,NA,NA,NA,NA,NA,NA,NA,NA,NA,NA,NA,NA,NA,NA,NA,NA,NA,NA,NA,NA,NA,NA,1.32308724060025,1993.18431730472,3.72212293257985,0.309361007871118
"Buffalo~Pound",8,NA,NA,NA,NA,NA,NA,NA,NA,NA,NA,NA,NA,NA,NA,NA,NA,NA,NA,NA,NA,NA,NA,NA,NA,NA,NA,NA,NA,NA,NA,1.29213154721109,1986.67943021579,6.50488708892431,0.540648028656768
"Buffalo~Pound",10,NA,NA,NA,NA,NA,NA,NA,NA,NA,NA,NA,NA,NA,NA,NA,NA,NA,NA,NA,NA,NA,NA,NA,NA,NA,NA,NA,NA,NA,NA,1.32105970886308,1979.74008830324,6.9393419125513,0.576757363180697
"Buffalo~Pound",12,NA,NA,NA,NA,NA,NA,NA,NA,NA,NA,NA,NA,NA,NA,NA,NA,NA,NA,NA,NA,NA,NA,NA,NA,NA,NA,NA,NA,NA,NA,1.38424660849958,1970.02831516151,9.7117731417286,0.807185571718448
"Buffalo~Pound",14,NA,NA,NA,NA,NA,NA,NA,NA,NA,NA,NA,NA,NA,NA,NA,NA,NA,NA,NA,NA,NA,NA,NA,NA,NA,NA,NA,NA,NA,NA,1.33328192969745,1957.2341791891,12.7941359724098,1.06337347555618
"Buffalo~Pound",16,NA,NA,NA,NA,NA,NA,NA,NA,NA,NA,NA,NA,NA,NA,NA,NA,NA,NA,NA,NA,NA,NA,NA,NA,NA,NA,NA,NA,NA,NA,1.23543482044843,1942.14620414601,15.0879750430961,1.25402391339914
"Buffalo~Pound",18,NA,NA,NA,NA,NA,NA,NA,NA,NA,NA,NA,NA,NA,NA,NA,NA,NA,NA,NA,NA,NA,NA,NA,NA,NA,NA,NA,NA,NA,NA,1.16754753902144,1926.11535925788,16.0308448881251,1.33238971991142
"Buffalo~Pound",20,NA,NA,NA,NA,NA,NA,NA,NA,NA,NA,NA,NA,NA,NA,NA,NA,NA,NA,NA,NA,NA,NA,NA,NA,NA,NA,NA,NA,NA,NA,1.06512941227686,1911.87580371707,14.2395555408079,1.18350826491586
"Buffalo~Pound",22,NA,NA,NA,NA,NA,NA,NA,NA,NA,NA,NA,NA,NA,NA,NA,NA,NA,NA,NA,NA,NA,NA,NA,NA,NA,NA,NA,NA,NA,NA,1.01571694189282,1897.27259838393,14.603205333146,1.21373270089166
"Buffalo~Pound",24,NA,NA,NA,NA,NA,NA,NA,NA,NA,NA,NA,NA,NA,NA,NA,NA,NA,NA,NA,NA,NA,NA,NA,NA,NA,NA,NA,NA,NA,NA,0.918610562906755,1881.05528279883,16.2173155851015,1.3478880695898
"Buffalo~Pound",26,NA,NA,NA,NA,NA,NA,NA,NA,NA,NA,NA,NA,NA,NA,NA,NA,NA,NA,NA,NA,NA,NA,NA,NA,NA,NA,NA,NA,NA,NA,1.02912316770368,1864.56747704717,16.4878057516592,1.37036962435336
"Buffalo~Pound",28,NA,NA,NA,NA,NA,NA,NA,NA,NA,NA,NA,NA,NA,NA,NA,NA,NA,NA,NA,NA,NA,NA,NA,NA,NA,NA,NA,NA,NA,NA,0.981899547330576,1848.07967129551,16.4878057516589,1.37036962435334
"Buffalo~Pound",30,NA,NA,NA,NA,NA,NA,NA,NA,NA,NA,NA,NA,NA,NA,NA,NA,NA,NA,NA,NA,NA,NA,NA,NA,NA,NA,NA,NA,NA,NA,0.881992166674158,1831.59186554385,16.4878057516589,1.37036962435334
"Buffalo~Pound",32,NA,NA,NA,NA,NA,NA,NA,NA,NA,NA,NA,NA,NA,NA,NA,NA,NA,NA,NA,NA,NA,NA,NA,NA,NA,NA,NA,NA,NA,NA,0.836835583812658,1815.10405979219,16.4878057516592,1.37036962435336
"Buffalo~Pound",2,5.06,52.5691699604743,1.38339920948617,0.0256410256410256,NA,NA,NA,NA,NA,NA,NA,NA,NA,NA,NA,NA,NA,NA,NA,NA,NA,NA,NA,NA,NA,NA,NA,NA,NA,NA,NA,2007.6104371508,-192.506377358611,0.4
"Buffalo~Pound",4,5.03,46.3220675944334,0.397614314115308,0.00851063829787234,NA,NA,NA,NA,NA,NA,NA,NA,NA,NA,NA,NA,NA,NA,NA,NA,NA,NA,NA,NA,NA,NA,NA,NA,NA,NA,NA,2000.88108484426,6.72935230654389,0.938588301661078
"Buffalo~Pound",5,4.98,67.8714859437751,4.01606425702811,0.0558659217877095,NA,NA,NA,NA,NA,NA,NA,NA,NA,NA,NA,NA,NA,NA,NA,NA,NA,NA,NA,NA,NA,NA,NA,NA,NA,NA,NA,1996.9064402373,3.97464460696051,0.554370578536316
"Buffalo~Pound",6,5,39.6,0,0,NA,NA,NA,NA,NA,NA,NA,NA,NA,NA,NA,NA,NA,NA,NA,NA,NA,NA,NA,NA,NA,NA,NA,NA,NA,NA,NA,1993.18431730472,3.72212293257985,0.519149671873564
"Buffalo~Pound",7,4.99,54.9098196392786,1.80360721442886,0.0318021201413428,NA,NA,NA,NA,NA,NA,NA,NA,NA,NA,NA,NA,NA,NA,NA,NA,NA,NA,NA,NA,NA,NA,NA,NA,NA,NA,NA,1989.85101720715,3.33330009757015,0.464917920029643
"Buffalo~Pound",8,4.98,48.3935742971887,0,0,NA,NA,NA,NA,NA,NA,NA,NA,NA,NA,NA,NA,NA,NA,NA,NA,NA,NA,NA,NA,NA,NA,NA,NA,NA,NA,NA,1986.67943021579,3.17158699135416,0.442362698842606
"Buffalo~Pound",9,5.04,46.6269841269841,0,0,NA,NA,NA,NA,NA,NA,NA,NA,NA,NA,NA,NA,NA,NA,NA,NA,NA,NA,NA,NA,NA,NA,NA,NA,NA,NA,NA,1983.41461516229,3.26481505350625,0.455365847516721
"Buffalo~Pound",10,5.07,54.6351084812623,0,0,NA,NA,NA,NA,NA,NA,NA,NA,NA,NA,NA,NA,NA,NA,NA,NA,NA,NA,NA,NA,NA,NA,NA,NA,NA,NA,NA,1979.74008830324,3.67452685904505,0.512511125429603
"Buffalo~Pound",12,4.99,57.7154308617234,0.400801603206413,0.00689655172413793,NA,NA,NA,NA,NA,NA,NA,NA,NA,NA,NA,NA,NA,NA,NA,NA,NA,NA,NA,NA,NA,NA,NA,NA,NA,NA,NA,1970.02831516151,9.7117731417286,1.35456671667325
"Buffalo~Pound",13,4.97,49.2957746478873,0.201207243460765,0.0040650406504065,NA,NA,NA,NA,NA,NA,NA,NA,NA,NA,NA,NA,NA,NA,NA,NA,NA,NA,NA,NA,NA,NA,NA,NA,NA,NA,NA,1963.95710837828,6.07120678323395,0.846792292055723
"Buffalo~Pound",14,5,59.2,0.8,0.0133333333333333,NA,NA,NA,NA,NA,NA,NA,NA,NA,NA,NA,NA,NA,NA,NA,NA,NA,NA,NA,NA,NA,NA,NA,NA,NA,NA,NA,1957.2341791891,6.72292918917583,0.937692426018485
"Buffalo~Pound",15,5.02,76.0956175298805,0.199203187250996,0.00261096605744125,NA,NA,NA,NA,NA,NA,NA,NA,NA,NA,NA,NA,NA,NA,NA,NA,NA,NA,NA,NA,NA,NA,NA,NA,NA,NA,NA,1949.9417587559,7.2924204332021,1.01712322339577
"Buffalo~Pound",16,5.01,124.151696606786,0.199600798403194,0.00160513643659711,NA,NA,NA,NA,NA,NA,NA,NA,NA,NA,NA,NA,NA,NA,NA,NA,NA,NA,NA,NA,NA,NA,NA,NA,NA,NA,NA,1942.14620414601,7.795554609894,1.08729875157397
"Buffalo~Pound",18,4.98,92.9718875502008,1.00401606425703,0.0106837606837607,NA,NA,NA,NA,NA,NA,NA,NA,NA,NA,NA,NA,NA,NA,NA,NA,NA,NA,NA,NA,NA,NA,NA,NA,NA,NA,NA,1926.11535925788,16.0308448881251,2.2359304123676
"Buffalo~Pound",19,5.01,77.8443113772455,0.399201596806387,0.00510204081632653,NA,NA,NA,NA,NA,NA,NA,NA,NA,NA,NA,NA,NA,NA,NA,NA,NA,NA,NA,NA,NA,NA,NA,NA,NA,NA,NA,1918.78328806893,7.33207118895189,1.02265358260472
"Buffalo~Pound",20,5.03,58.4493041749503,0.397614314115308,0.00675675675675676,NA,NA,NA,NA,NA,NA,NA,NA,NA,NA,NA,NA,NA,NA,NA,NA,NA,NA,NA,NA,NA,NA,NA,NA,NA,NA,NA,1911.87580371707,6.90748435185606,0.963433583385795
"Buffalo~Pound",21,5,120.8,0,0,NA,NA,NA,NA,NA,NA,NA,NA,NA,NA,NA,NA,NA,NA,NA,NA,NA,NA,NA,NA,NA,NA,NA,NA,NA,NA,NA,1904.83598762914,7.03981608793129,0.981890786064563
"Buffalo~Pound",22,5,69.4,0.6,0.00857142857142857,NA,NA,NA,NA,NA,NA,NA,NA,NA,NA,NA,NA,NA,NA,NA,NA,NA,NA,NA,NA,NA,NA,NA,NA,NA,NA,NA,1897.27259838393,7.56338924521469,1.05491707717018
"Buffalo~Pound",23,5.01,53.8922155688623,0.199600798403194,0.003690036900369,NA,NA,NA,NA,NA,NA,NA,NA,NA,NA,NA,NA,NA,NA,NA,NA,NA,NA,NA,NA,NA,NA,NA,NA,NA,NA,NA,1889.27916475269,7.99343363124058,1.11489827766795
"Buffalo~Pound",24,5.02,67.7290836653386,0,0,NA,NA,NA,NA,NA,NA,NA,NA,NA,NA,NA,NA,NA,NA,NA,NA,NA,NA,NA,NA,NA,NA,NA,NA,NA,NA,NA,1881.05528279883,8.22388195386088,1.14704046459707
"Buffalo~Pound",25,5.08,79.7244094488189,1.96850393700787,0.0240963855421687,NA,NA,NA,NA,NA,NA,NA,NA,NA,NA,NA,NA,NA,NA,NA,NA,NA,NA,NA,NA,NA,NA,NA,NA,NA,NA,NA,1872.811379923,8.24390287582946,1.14983291805948
"Buffalo~Pound",26,5.02,66.1354581673307,1.99203187250996,0.0292397660818713,NA,NA,NA,NA,NA,NA,NA,NA,NA,NA,NA,NA,NA,NA,NA,NA,NA,NA,NA,NA,NA,NA,NA,NA,NA,NA,NA,1864.56747704717,8.24390287582969,1.14983291805951
"Buffalo~Pound",27,4.96,32.0564516129032,0.604838709677419,0.0185185185185185,NA,NA,NA,NA,NA,NA,NA,NA,NA,NA,NA,NA,NA,NA,NA,NA,NA,NA,NA,NA,NA,NA,NA,NA,NA,NA,NA,1856.32357417134,8.24390287582946,1.14983291805948
"Buffalo~Pound",28,5,30,1.8,0.0566037735849057,NA,NA,NA,NA,NA,NA,NA,NA,NA,NA,NA,NA,NA,NA,NA,NA,NA,NA,NA,NA,NA,NA,NA,NA,NA,NA,NA,1848.07967129551,8.24390287582946,1.14983291805948
"Buffalo~Pound",29,5,41.2,1.2,0.0283018867924528,NA,NA,NA,NA,NA,NA,NA,NA,NA,NA,NA,NA,NA,NA,NA,NA,NA,NA,NA,NA,NA,NA,NA,NA,NA,NA,NA,1839.83576841968,8.24390287582969,1.14983291805951
"Buffalo~Pound",30,5.01,64.8702594810379,0.199600798403194,0.00306748466257669,NA,NA,NA,NA,NA,NA,NA,NA,NA,NA,NA,NA,NA,NA,NA,NA,NA,NA,NA,NA,NA,NA,NA,NA,NA,NA,NA,1831.59186554385,8.24390287582924,1.14983291805945
"Buffalo~Pound",31,5.01,38.5229540918164,0.399201596806387,0.0102564102564103,NA,NA,NA,NA,NA,NA,NA,NA,NA,NA,NA,NA,NA,NA,NA,NA,NA,NA,NA,NA,NA,NA,NA,NA,NA,NA,NA,1823.34796266802,8.24390287582969,1.14983291805951
"Buffalo~Pound",32,4.99,40.0801603206413,0,0,NA,NA,NA,NA,NA,NA,NA,NA,NA,NA,NA,NA,NA,NA,NA,NA,NA,NA,NA,NA,NA,NA,NA,NA,NA,NA,NA,1815.10405979219,8.24390287582946,1.14983291805948
"Buffalo~Pound",33,5,67.4,0,0,NA,NA,NA,NA,NA,NA,NA,NA,NA,NA,NA,NA,NA,NA,NA,NA,NA,NA,NA,NA,NA,NA,NA,NA,NA,NA,NA,1806.86015691636,8.24390287582946,1.14983291805948
"Pelican",0,NA,NA,NA,NA,10.6143466651816,-21.782988904838,56.4332951659753,564.489707496295,0.00513964436848591,0.0514107201727045,11.6699073388401,75.758934229904,0,28.792950328123,60.9377805581041,39.8679891227551,NA,1624.50850946258,551.981641687612,428.583139067575,1524.59955364851,277.77256233229,127.950698627159,1937.50872658155,497.883798165988,276.054944913751,494.727212450578,723.752411142442,302.626324938158,0,NA,2016.49796797304,-209.637811056683,0.4
"Pelican",0.5,NA,NA,NA,NA,10.253815610434,-21.5897052754447,50.4847557112713,603.528496566393,0.00447163469541818,0.0534569084646938,13.947112735464,65.750698931709,6.29332064123897,28.7216936128574,71.4976959049688,37.3785139976515,NA,1292.90285627629,461.472299041822,438.901482549392,1479.96607799964,199.232049220019,129.321742154645,1547.41735786869,115.084503678293,887.696824196077,793.072038174083,787.30071004884,751.650358263685,78.4650577216869,NA,2015.3045602399,1.19340773314093,0.224754173738387
"Pelican",1,NA,NA,NA,NA,9.86828582913198,-21.3679211921086,54.5957106528479,543.344214286793,0.00395621091687304,0.0393727691512169,11.6108312494605,53.6393372281392,15.4009861186898,6.7155462726845,9.98937508061819,9.19463457327619,NA,458.711819618706,189.171959495621,341.585211253847,781.174727592903,113.315963836318,0,740.237161961697,222.381763649439,195.81415833557,258.482104378026,237.907777419622,328.012296190701,98.3189427749387,NA,2014.16505445587,1.13950578402864,0.214602833421749
"Pelican",1.5,NA,NA,NA,NA,10.155912358676,-20.2303494022004,39.6433096985604,465.832297014402,0.00345324997374219,0.0405777262207667,13.7090222112107,41.9209699238487,19.4423476406835,10.3576108679037,37.2717753990981,9.0788893900003,NA,205.648581892012,93.6151730244335,276.663569068698,591.252314791734,89.9721762126059,43.5199603418304,559.32751089659,11.8630277338131,246.331025542277,450.852303825785,318.265537700515,277.869031681501,29.153262853241,NA,2013.07725437112,1.08780008475833,0.204865112277208
"Pelican",2,NA,NA,NA,NA,10.1977632926876,-19.4871445919517,33.8047827290332,434.235791246823,0.00303454063994912,0.0389798735410075,14.9862943117275,25.3479508631265,0,7.78199111568229,31.3056354927676,4.80250059216533,NA,102.476967800359,30.6143226008413,143.317071480707,427.800254371592,55.8550844952767,31.8321773682044,320.354020105645,80.3601938971439,58.1058316090159,292.610819648587,254.191697146807,162.76810627803,0,NA,2012.01735195654,1.05990241457948,0.199611151173931
"Pelican",2.5,NA,NA,NA,NA,9.63528373491446,-18.9570598209423,35.036041085315,537.146076745506,0.00271386840320023,0.0416069772847022,17.8864507363653,0,0.650717544683107,15.6172210723946,13.6881435285822,6.30169105275866,NA,92.1232044901766,43.4617852787289,150.92837566526,605.993404785774,56.0829223148091,30.8699153693754,434.660784294759,67.6950180948498,56.5542422566979,309.558225535914,272.30247340943,193.471171347475,17.5076510636484,NA,2010.96153918304,1.05581277349188,0.198840950111876
"Pelican",3,NA,NA,NA,NA,9.89872656832652,-19.6981625181257,34.251078736368,465.885832705735,0.00310808336990636,0.0422763913526075,15.8690905963466,21.4893039678284,0,0,33.9095975462853,20.4761196965566,NA,69.0889834753829,59.1981792265053,195.260123619698,1008.80036902109,70.185838827996,57.7104616991119,577.912389053116,101.072022957589,64.0840885414082,324.752586378335,348.206495627102,219.222067112837,48.9089252077758,NA,2009.88602441146,1.07551477158495,0.202551422383367
"Pelican",3.5,NA,NA,NA,NA,9.3855710094251,-20.0151556032554,34.7240401667885,435.934528116048,0.00315960329088158,0.0396664720760735,14.6466332937978,16.4912565534216,30.3135577718292,118.264581744338,66.0076584910352,10.1253970026717,NA,85.9461485446374,64.8106967594977,207.118279738128,784.642554634504,66.4651337008126,44.5899004567021,581.254610838703,81.6294455838654,66.9718729202687,359.862172804575,361.260811836924,279.074225631341,26.0550236405171,NA,2008.7725721822,1.1134522292607,0.209696174103056
"Pelican",4,NA,NA,NA,NA,9.4492613805556,-21.2475547206631,40.0790491908851,497.507206022098,0.00357848653490046,0.0444202862519731,14.4820070687817,16.4452644831788,14.606009527812,61.2648085642262,68.7945615721199,10.5555295923919,NA,56.1032009337089,60.4834415994808,183.19948054788,780.86533479986,86.0317467811219,40.7602026963138,412.507497599404,21.112588459812,142.641754130404,406.084969948557,402.069802725335,275.755742627136,31.417962580859,NA,2007.61656705116,1.15600513104141,0.217710151232836
"Pelican",4.5,NA,NA,NA,NA,9.67258783277422,-20.5172397808203,47.5298788003957,446.557912680537,0.00350774013287053,0.0329563035188588,10.9611941921529,0,57.8874428822655,267.242333980105,125.010141883356,43.1506430696867,NA,48.2637185968412,69.9902808725744,173.144106307034,759.506286210922,100.836177760985,45.6178042181318,366.519549208945,34.9717107557006,174.668539706844,504.162721816725,443.825654078215,373.354476749119,18.4792126343474,NA,2006.41544231302,1.20112473813742,0.226207515319438
"Pelican",5,NA,NA,NA,NA,9.34622515036737,-20.3767180429601,39.7112791770667,508.245885132876,0.00327380702201704,0.0418999080900969,14.9316150207887,16.0495062806907,21.9465873054274,93.1309639633956,84.1924114347805,41.7587741668319,NA,51.002994244671,66.912573375124,172.186228706342,712.268810744179,97.6114372854149,36.5697585815378,368.343092378563,19.5774156297553,145.770732529575,439.447585172756,338.866595734875,199.084760697342,26.7474184613418,NA,2005.16663126247,1.24881105054783,0.235188266362691
"Pelican",5.5,NA,NA,NA,NA,9.51977740153565,-20.3400799817148,34.9786762007536,461.37476218752,0.00282086098393174,0.0372076421118967,15.3885342257133,25.3426124138723,0,0,18.7205008205699,4.56326080212402,NA,20.2634720631786,39.0207280910481,115.275559732005,357.260944491824,44.73763121473,7.95725829558323,258.52976486327,60.6026007563181,50.8369882155308,281.970381891655,252.625801796403,171.361399788314,26.6258815540198,NA,2003.86756706734,1.29906419513122,0.244652428253841
"Pelican",6,NA,NA,NA,NA,9.2173352851851,-21.2715284629389,41.6379008542166,493.456371949332,0.00373434088378624,0.0442561768564423,13.8263238250939,22.4480661391479,23.4787301081649,108.383962146046,79.9022876783848,19.4678933943255,NA,31.3497916035606,56.6415692480869,169.383004230414,465.550303937282,73.5077881452598,21.3781358266467,440.821695893125,88.9103471677,80.0828170172367,557.581086245603,439.878079608836,299.028024869324,15.78925456155,NA,2002.51190417685,1.3556628904862,0.25531164610196
"Pelican",6.5,NA,NA,NA,NA,9.78013322944617,-20.8158008656518,43.4209927241246,535.480508652612,0.00368286621917935,0.0454181941181181,14.387677961762,33.9128369341852,0,42.331125392368,71.0379530668238,10.8977123862715,NA,45.8558413246173,133.08539199473,331.003202125918,806.644053653946,91.3001713903591,43.0690707559051,469.091597143393,100.171603189361,90.641521220505,673.002238611291,627.193463287313,365.614753498101,43.876345251194,NA,2001.07961883245,1.43228534440095,0.269741933288128
"Pelican",7,NA,NA,NA,NA,9.28397143680432,-20.7954057625995,48.3868399330268,661.365555161719,0.00411103143016371,0.0561907863348954,15.9463430295644,49.0062719051147,7.45005717202774,21.6420093699945,54.0787065884763,8.29751497127972,NA,87.7713247678522,105.977765863384,410.801724938236,670.911860228561,136.760543107693,75.2994222305947,549.588911702783,137.95624597024,109.570079011773,943.787071458236,613.285406050739,225.037028521356,72.1206630226531,NA,1999.54759333635,1.53202549610774,0.28852597059816
"Pelican",7.5,NA,NA,NA,NA,8.97756538934167,-20.1727486506231,52.5510622674105,618.785450514177,0.00474716009642371,0.0558975113382274,13.7374265673199,93.8287921883993,8.98149122021126,28.4859778275069,84.587387052193,35.1725902125453,NA,91.2646339804101,147.841915708347,515.369299402319,727.046406066161,207.958568529625,48.9203214253883,661.965151046748,64.0758529182843,328.038584182535,767.640801060414,739.58467417524,339.874149605961,83.2168710382666,NA,1997.89270999074,1.65488334560655,0.311663758032055
"Pelican",8,NA,NA,NA,NA,9.0192700024887,-21.1094544366298,50.2178333912714,665.803274939801,0.00456525758102468,0.0605275704490728,15.4680207203997,94.8692461254228,0,34.8291181524599,88.8748802199019,33.9119056383741,NA,96.6031667962975,99.1891086645592,381.00197216567,718.459127541057,184.498833103647,76.163489863077,569.156634438784,35.6682659060852,295.080982079644,718.846699173966,614.598848500582,365.665152538457,35.4066521839874,NA,1996.09185109784,1.80085889289739,0.339155295589813
"Pelican",8.5,NA,NA,NA,NA,8.94858379283066,-21.261542146215,61.5953972812651,832.78623485389,0.00501183053549757,0.0677612884340025,15.7736451674513,46.9878169538546,7.13977816205871,12.120371657805,70.5853049162531,40.7750555805605,NA,83.885821900991,115.498178282882,420.101751009162,828.870926052998,226.435295288415,63.4182369688691,620.776567829516,77.2940889228074,321.631719208976,1129.11531625517,749.962994174229,426.85602300363,40.6989265813643,NA,1994.12809514874,1.96375594910546,0.369833656602357
"Pelican",9,NA,NA,NA,NA,8.97025608492235,-20.7311877012594,53.0503709054804,760.535755822316,0.00415104623673555,0.0595098400486945,16.7254573338784,62.4655807354144,0,11.9934685831673,35.7645740989227,0,NA,88.2168993787396,125.109049208555,405.56329982398,762.457045619739,176.442302328702,60.832262470128,525.696215536485,56.418770575072,233.43611517676,640.456865736676,425.279082461464,285.073850200001,35.5023325841612,NA,1992.0180344517,2.11006069703967,0.397387192433244
"Pelican",9.5,NA,NA,NA,NA,8.95980189610462,-20.3620935576455,57.3907853853025,710.510551051216,0.00502106608795298,0.062161902979109,14.4435900408274,62.0409319525688,33.636462577017,138.277212976193,74.9941359488573,25.8853908386454,NA,111.594412316838,138.719879915383,473.285889913469,948.570757921496,186.959258945237,80.1815996518602,621.922436031024,55.9588955328211,244.283912050404,982.121158093007,685.142390463891,305.404234962155,39.3296684173394,NA,1989.78954024866,2.22849420304169,0.4196917443858
"Pelican",10,NA,NA,NA,NA,9.0026324081933,-20.4735198190807,50.4195805350602,646.394959006296,0.00489035698691176,0.0626959223090491,14.9570354249499,84.7525865246865,24.8359940897302,4.96054594827525,56.2458550228997,19.1744498538344,NA,111.923674955197,147.044184541266,477.192975119948,631.511179368148,155.490414014259,48.4603703480487,502.380025537629,148.867082383711,131.028782655782,458.35112995672,459.421620929924,270.692374778401,35.9208003966876,NA,1987.47049228112,2.31904796753952,0.4367457117378
"Pelican",10.5,NA,NA,NA,NA,8.74674603873168,-20.0722289317616,63.7184833660007,814.778628151097,0.00472338646152711,0.0603987122424831,14.9183567461289,89.1529891793046,71.4788277309443,301.940695760246,144.183077525851,35.1310076779549,NA,110.457311314342,181.183383991369,560.849148650049,939.948235062004,177.907732026987,84.6743071246975,653.916069077581,60.6154998856769,251.376507379128,802.778048618279,759.725816984421,364.093172591092,39.0215885785234,NA,1985.08877029058,2.38172199053179,0.448549094488986
"Pelican",11,NA,NA,NA,NA,9.00056175809277,-19.8517410814175,58.8401267544245,841.881726630454,0.00479154126664695,0.0685571438624148,16.6926110107618,157.798789701842,0,0,66.5365806121803,16.2144557365577,NA,120.336866386393,172.926317294077,556.62900135937,770.20140980297,212.709354269563,68.457882373592,512.776534354178,222.188993186545,183.254618878813,506.045527749977,559.760578345974,455.827704676331,53.7995251505355,NA,1982.6685882494,2.42018204118358,0.45579226601045
"Pelican",11.5,NA,NA,NA,NA,8.70620731374862,-19.6221496752038,48.9739519658335,665.143118278598,0.00445217745143941,0.0604675562071453,15.8451640823215,113.151856786901,32.3115125813449,43.5501151060276,88.2923960517817,37.1077297490745,NA,113.40848550463,153.978613240418,500.504991914912,822.692008821736,188.342827325215,116.953574653456,614.376440013131,60.3584172780049,283.859039244054,606.588524293135,657.026492438261,412.261463525896,52.6105851005408,NA,1980.20396837662,2.46461987278099,0.464161231491438
"Pelican",12,NA,NA,NA,NA,NA,NA,NA,NA,NA,NA,NA,71.5802763190828,6.85073616323414,40.1973945587692,89.4817326311876,13.7290391345333,NA,151.388769910135,106.337531556848,473.198419063841,965.130373131842,155.593454806571,103.090059742273,654.583023097487,132.452709637486,205.326347981095,922.946573138751,764.162430217197,428.353176740311,33.8093547092139,NA,1977.67408512519,2.52988325142928,0.476452266932333
"Pelican",12.5,NA,NA,NA,NA,9.3123175004991,-21.336234372208,48.9040480025447,602.358472473318,0.00475257998081095,0.0585382383355995,14.3700077994015,49.0645338505013,28.1749269771046,21.1144742079162,58.2142482319227,26.7914026218242,NA,119.943759001885,138.339817668848,469.525807459431,878.167327109088,119.300009830469,110.485083991528,662.116633948637,158.797735260065,118.344858092985,722.107984247472,561.468971837654,249.187644567102,38.7495749980094,NA,1975.05800960633,2.61607551885709,0.492684834654505
"Pelican",13,NA,NA,NA,NA,8.85279993976742,-21.2383951146248,53.9740626181114,752.320472927356,0.00450158987640629,0.0627456607946085,16.2616482036082,80.8581264719069,3.66656338668398,33.3657268188242,93.5921202457153,6.80280124751419,NA,126.414931209033,108.087506043125,425.751176923223,785.283123542434,105.11473234568,100.298884659016,655.240740045905,15.3084314159784,251.43457700098,857.357227544244,731.440822303051,419.095671578192,34.0021584034062,NA,1972.33481293127,2.72319667506576,0.512858934658212
"Pelican",13.5,NA,NA,NA,NA,8.84535494247035,-21.2260703181039,49.8274009626752,654.140507258562,0.00455877410454485,0.0598481708379288,15.3161495560778,142.709351532048,0,0,84.1445001792521,27.9286720576275,NA,128.288492807878,97.4457510115281,388.881650252059,603.082049131163,120.504778426076,88.5307994875693,612.445027679914,144.258628337139,118.227358945272,602.886019116004,448.600849063117,273.949669540611,55.1733454837995,NA,1969.46204965198,2.8727632792918,0.541026775051877
"Pelican",14,NA,NA,NA,NA,9.30440355236304,-21.07229259339,54.5266386489883,580.973143975318,0.00494348491831263,0.0526720892090044,12.430658080133,113.687987496523,237.608998390852,920.926520386683,415.118388864274,0,NA,114.950830726659,107.089818072474,376.44649521021,670.228642764219,99.1179541268102,98.3953405473326,548.706229101754,129.302748561958,116.781307733779,669.600606757184,551.709647607723,300.741554820127,64.5300601130435,NA,1966.11427776723,3.34777188474891,0.630485024461032
"Pelican",14.5,NA,NA,NA,NA,9.0978399269206,-20.4720469277494,61.3916934054757,805.7198117446,0.00549612295483221,0.0721324809082006,15.3116227113475,95.9289892213656,431.199419122389,1834.2969750822,546.168671999522,0,NA,0,184.558288494592,369.490560275879,618.509861296259,86.0032269471938,88.6368617693323,605.96834014381,91.7938659864777,98.8970350828397,715.910380498194,592.069732685066,374.628626518334,62.3998878365789,NA,1961.76655263432,4.34772513290386,0.818805964425598
"Pelican",15,NA,NA,NA,NA,9.41568288958761,-21.4154544869008,51.3399607760077,596.48682551357,0.00451142010333986,0.0524153625231608,13.5547687593425,123.137412198851,221.564973127928,771.048619271956,431.977801830737,0,NA,68.5371226436086,97.6852710216808,277.517710570081,435.575054464751,76.5111955383223,84.4213783334271,548.915875593686,106.041930601546,74.0004891275866,607.455365668172,452.226221863382,246.821993343179,68.1450396767351,NA,1955.88975428758,5.876798346741,1.10677593245737
"Pelican",15.5,NA,NA,NA,NA,9.33202594402911,-21.1042470735353,56.1954885049523,604.702108408531,0.00491219305113219,0.0528585759098366,12.5541357840695,0,462.966414916917,1978.45075620509,515.834206901527,0,NA,0,122.34442763726,219.456164931386,363.047640812484,68.7617753496843,117.229640479255,341.644980366888,84.5008440013783,61.367756742271,585.646149075388,426.15418157713,244.192141179151,57.3322377713759,NA,1947.95476276132,7.93499152625918,1.49439492855614
"Pelican",16,NA,NA,NA,NA,9.5648987783839,-20.5899476612322,56.4542158414434,523.906268151395,0.00490906224708203,0.0455570667957735,10.8268969889979,0,272.840513490749,1031.49496110676,482.032497264072,0,NA,54.2397321997017,70.7521599682107,168.567348132313,283.621342459454,48.9733677019885,67.5075284187283,359.192672194082,76.9194994622492,50.9775022003837,581.921313864129,407.229756503645,212.309881975969,86.017338963755,NA,1937.4550555829,10.4997071784196,1.97740717262642
"Pelican",16.5,NA,NA,NA,NA,9.62113321379081,-22.2106818096836,72.4332629716099,859.082475191778,0.00596649612616227,0.0707646190438038,13.8370528484486,65.8911289347972,0,78.0026281151708,184.84818248587,0,NA,36.664386303916,43.5685226230871,121.820182521409,242.400888193671,37.9796687943508,66.3304457606647,252.664539034839,72.8982466605939,44.4135539770109,576.716595658835,347.134699417106,166.491280586476,40.8292618360008,NA,1924.40385261962,13.0512029632864,2.45792972246396
"Pelican",17,NA,NA,NA,NA,10.0066141440608,-21.7155685902031,68.9884431181031,848.006513431608,0.00608363695926835,0.0747801158228931,14.3406763165129,79.6872329934227,55.6070213064008,188.493617600733,196.112730627713,0,NA,0,62.0201072578921,88.9033641043184,199.576895549853,33.0124036885675,82.1013079579838,298.59027367022,63.9105575487992,31.1419438790146,686.92570905713,339.638358547694,174.535916690516,27.854053423243,NA,1909.33411607869,15.069736540926,2.83807963586493
"Pelican",17.5,NA,NA,NA,NA,10.0137195967952,-22.0288045419619,69.8922327279271,885.342040159599,0.00582921040266281,0.0738400367105587,14.7784525767503,0,45.5517719179753,129.140190083273,208.348048259115,0,NA,0,59.9325786750179,71.1456535721011,179.32884081983,32.954604587251,72.1141774398719,196.83603459565,70.2287841810107,9.51001494319637,674.456184625034,310.480511234224,151.996411963508,35.3558629970702,NA,1892.80140566039,16.5327104182979,3.11360113273355
"Pelican",18,NA,NA,NA,NA,9.62489486778723,-20.5973243362299,58.245405094074,585.374188383333,0.0045826439885188,0.0460561910608444,11.7251575812866,0,157.214583053334,692.180315402601,210.929517835938,0,NA,0,45.7122122885493,34.7585840217474,118.180307178211,21.2800416720581,54.3873040364547,157.458766007213,45.724670008783,8.77084682889457,543.181993541214,248.840052321543,122.57719280312,0,NA,1875.36128106499,17.440124595402,3.28449421306978
"Pelican",18.5,NA,NA,NA,NA,10.0956853801172,-20.9150608304417,45.7105924614494,604.298679337796,0.00422854694370484,0.0559018204752817,15.4234519381624,0,144.757365847967,671.374888957845,173.057249349267,0,NA,0,19.6981361677264,21.2162415535531,88.7284820882976,14.604389174793,50.0548217503423,105.732816534709,32.3778940714661,6.21137148309586,543.894270609238,227.915249636372,109.55376502123,0,NA,1857.56473748682,17.7965435781709,3.35161850911072
"Pelican",19,NA,NA,NA,NA,9.75463564547278,-19.1127298009761,36.9893739402262,345.810671107068,0.00325897567755297,0.0304679005380677,10.9070724908782,0,70.4678130521939,283.327531264082,131.85478742311,0,NA,0,24.9592763090975,14.0979349405364,47.8016105510673,11.177107061988,26.1059736044926,89.1253978811434,25.5521759313064,2.17880182165169,372.405624770074,150.94828308223,66.7652159020808,0,NA,1839.74467178529,17.8200657015298,3.35604842459834
"Pelican",19.5,NA,NA,NA,NA,9.82557312334854,-18.1881858330737,35.7045175972444,418.281202359043,0.00274861567338294,0.0322002465249456,13.6675907959393,0,48.8956913898118,150.642228812495,108.334075399511,0,NA,0,25.1098389308342,22.1848913061869,40.6621900687138,8.95073093099884,21.9036013297037,51.5897995036447,19.0227733379485,1.621752848222,240.550365728424,99.9655722305688,36.0452736983161,0,NA,1821.92460608376,17.8200657015295,3.35604842459829
"Pelican",20,NA,NA,NA,NA,9.76082460808946,-17.504788972168,29.3791610404058,467.242821398206,0.0023784942552142,0.0378273009551656,18.5545334060037,0,35.7455723867786,117.329293834848,86.2074038466126,0,NA,0,20.1690234573021,16.4574545283238,34.9503263639601,7.43919622086466,30.3828106153557,56.4792440934626,16.1107910803475,1.37328317319238,200.182810055115,65.4527470972842,27.9281485513241,0,NA,1804.10454038223,17.82006570153,3.35604842459838
"Pelican",1,NA,NA,NA,NA,NA,NA,NA,NA,NA,NA,NA,NA,NA,NA,NA,NA,NA,NA,NA,NA,NA,NA,NA,NA,NA,NA,NA,NA,NA,NA,1.24880086636952,2014.16505445587,-210.060514073644,0.4
"Pelican",3,NA,NA,NA,NA,NA,NA,NA,NA,NA,NA,NA,NA,NA,NA,NA,NA,NA,NA,NA,NA,NA,NA,NA,NA,NA,NA,NA,NA,NA,NA,0.892463065936631,2009.88602441146,4.27903004441464,0.220795699505288
"Pelican",5,NA,NA,NA,NA,NA,NA,NA,NA,NA,NA,NA,NA,NA,NA,NA,NA,NA,NA,NA,NA,NA,NA,NA,NA,NA,NA,NA,NA,NA,NA,0.816666265337238,2005.16663126247,4.71939314898736,0.243518204068529
"Pelican",7,NA,NA,NA,NA,NA,NA,NA,NA,NA,NA,NA,NA,NA,NA,NA,NA,NA,NA,NA,NA,NA,NA,NA,NA,NA,NA,NA,NA,NA,NA,0.863394937830313,1999.54759333635,5.61903792612611,0.289939401352224
"Pelican",9,NA,NA,NA,NA,NA,NA,NA,NA,NA,NA,NA,NA,NA,NA,NA,NA,NA,NA,NA,NA,NA,NA,NA,NA,NA,NA,NA,NA,NA,NA,0.836697212144897,1992.0180344517,7.52955888464908,0.388521277870527
"Pelican",11,NA,NA,NA,NA,NA,NA,NA,NA,NA,NA,NA,NA,NA,NA,NA,NA,NA,NA,NA,NA,NA,NA,NA,NA,NA,NA,NA,NA,NA,NA,0.76396274469764,1982.6685882494,9.34944620229658,0.482426506193304
"Pelican",13,NA,NA,NA,NA,NA,NA,NA,NA,NA,NA,NA,NA,NA,NA,NA,NA,NA,NA,NA,NA,NA,NA,NA,NA,NA,NA,NA,NA,NA,NA,0.796866626945609,1972.33481293127,10.3337753181331,0.533217370809513
"Pelican",15,NA,NA,NA,NA,NA,NA,NA,NA,NA,NA,NA,NA,NA,NA,NA,NA,NA,NA,NA,NA,NA,NA,NA,NA,NA,NA,NA,NA,NA,NA,0.889406620093392,1955.88975428758,16.4450586436856,0.848556375849134
"Pelican",17,NA,NA,NA,NA,NA,NA,NA,NA,NA,NA,NA,NA,NA,NA,NA,NA,NA,NA,NA,NA,NA,NA,NA,NA,NA,NA,NA,NA,NA,NA,1.06673312958092,1909.33411607869,46.5556382088912,2.40224644313135
"Pelican",19,NA,NA,NA,NA,NA,NA,NA,NA,NA,NA,NA,NA,NA,NA,NA,NA,NA,NA,NA,NA,NA,NA,NA,NA,NA,NA,NA,NA,NA,NA,1.10459030744315,1839.74467178529,69.5894442934007,3.59077872122013
"Pelican",0.25,NA,339.920730047679,67.9841460095357,0.166666666666667,NA,NA,NA,NA,NA,NA,NA,NA,NA,NA,NA,NA,NA,NA,NA,NA,NA,NA,NA,NA,NA,NA,NA,NA,NA,NA,NA,2015.89945791145,-176.154786126164,0.4
"Pelican",1.75,NA,522.679155024117,33.5050740400075,0.0602409638554217,NA,NA,NA,NA,NA,NA,NA,NA,NA,NA,NA,NA,NA,NA,NA,NA,NA,NA,NA,NA,NA,NA,NA,NA,NA,NA,NA,2012.54530395687,3.35415395458244,0.281049114714831
"Pelican",2.75,NA,372.680576237723,79.8601234795122,0.176470588235294,NA,NA,NA,NA,NA,NA,NA,NA,NA,NA,NA,NA,NA,NA,NA,NA,NA,NA,NA,NA,NA,NA,NA,NA,NA,NA,NA,2010.42772640262,2.11757755425629,0.177434698890503
"Pelican",3.75,NA,398.633932610504,79.7267865221008,0.166666666666667,NA,NA,NA,NA,NA,NA,NA,NA,NA,NA,NA,NA,NA,NA,NA,NA,NA,NA,NA,NA,NA,NA,NA,NA,NA,NA,NA,2008.20004914848,2.22767725413291,0.186660102255909
"Pelican",4.75,NA,485.373801807914,265.581891555274,0.353658536585366,NA,NA,NA,NA,NA,NA,NA,NA,NA,NA,NA,NA,NA,NA,NA,NA,NA,NA,NA,NA,NA,NA,NA,NA,NA,NA,NA,2005.79715799588,2.40289115260293,0.201341512744971
"Pelican",5.75,NA,673.02217606129,147.223601013407,0.17948717948718,NA,NA,NA,NA,NA,NA,NA,NA,NA,NA,NA,NA,NA,NA,NA,NA,NA,NA,NA,NA,NA,NA,NA,NA,NA,NA,NA,2003.19786857273,2.59928942315423,0.21779799053859
"Pelican",6.75,NA,691.919936145392,177.922269294529,0.204545454545455,NA,NA,NA,NA,NA,NA,NA,NA,NA,NA,NA,NA,NA,NA,NA,NA,NA,NA,NA,NA,NA,NA,NA,NA,NA,NA,NA,2000.32751845948,2.87035011324997,0.240510533855607
"Pelican",7.75,NA,362.456774423845,98.1653764064579,0.213114754098361,NA,NA,NA,NA,NA,NA,NA,NA,NA,NA,NA,NA,NA,NA,NA,NA,NA,NA,NA,NA,NA,NA,NA,NA,NA,NA,NA,1997.01197234381,3.31554611566139,0.27781411146312
"Pelican",8.75,NA,1267.17762839854,229.298808948307,0.153225806451613,NA,NA,NA,NA,NA,NA,NA,NA,NA,NA,NA,NA,NA,NA,NA,NA,NA,NA,NA,NA,NA,NA,NA,NA,NA,NA,NA,1993.08961147231,3.92236087150309,0.328659943894934
"Pelican",9.75,NA,778.417732111801,259.4725773706,0.25,NA,NA,NA,NA,NA,NA,NA,NA,NA,NA,NA,NA,NA,NA,NA,NA,NA,NA,NA,NA,NA,NA,NA,NA,NA,NA,NA,1988.6395930016,4.45001847070762,0.372873090678606
"Pelican",11.75,NA,2823.90463699236,636.37287594194,0.183908045977011,NA,NA,NA,NA,NA,NA,NA,NA,NA,NA,NA,NA,NA,NA,NA,NA,NA,NA,NA,NA,NA,NA,NA,NA,NA,NA,NA,1978.94849272878,9.69110027281886,0.812030452140492
"Pelican",12.75,NA,2982.74403654204,259.36904665583,0.08,NA,NA,NA,NA,NA,NA,NA,NA,NA,NA,NA,NA,NA,NA,NA,NA,NA,NA,NA,NA,NA,NA,NA,NA,NA,NA,NA,1973.71110946888,5.23738325990939,0.438847455588262
"Pelican",13.75,NA,3117.29822223963,181.590187703279,0.055045871559633,NA,NA,NA,NA,NA,NA,NA,NA,NA,NA,NA,NA,NA,NA,NA,NA,NA,NA,NA,NA,NA,NA,NA,NA,NA,NA,NA,1967.88008786777,5.8310216011098,0.488589218344028
"Pelican",14.75,NA,2699.30934139356,152.791094795862,0.0535714285714286,NA,NA,NA,NA,NA,NA,NA,NA,NA,NA,NA,NA,NA,NA,NA,NA,NA,NA,NA,NA,NA,NA,NA,NA,NA,NA,NA,1959.05235761054,8.82773025722827,0.739687506098448
"Pelican",16.75,NA,1369.11328869167,46.8874413935502,0.033112582781457,NA,NA,NA,NA,NA,NA,NA,NA,NA,NA,NA,NA,NA,NA,NA,NA,NA,NA,NA,NA,NA,NA,NA,NA,NA,NA,NA,1917.08657856509,41.9657790454453,3.51636961473609
"Pelican",17.75,NA,726.85288866023,28.318943714035,0.0375,NA,NA,NA,NA,NA,NA,NA,NA,NA,NA,NA,NA,NA,NA,NA,NA,NA,NA,NA,NA,NA,NA,NA,NA,NA,NA,NA,1884.16004765356,32.9265309115292,2.75895873851379
"Pelican",18.75,NA,185.258178951518,24.701090526869,0.117647058823529,NA,NA,NA,NA,NA,NA,NA,NA,NA,NA,NA,NA,NA,NA,NA,NA,NA,NA,NA,NA,NA,NA,NA,NA,NA,NA,NA,1848.65470463605,35.505343017508,2.97504090683855
"Pelican",19.75,NA,192.68032713119,0,0,NA,NA,NA,NA,NA,NA,NA,NA,NA,NA,NA,NA,NA,NA,NA,NA,NA,NA,NA,NA,NA,NA,NA,NA,NA,NA,NA,1813.014573233,35.6401314030593,2.98633500870327
